{
  "params": {
    "logit_1": 0.8,
    "logit_2": -0.3,
    "logit_3": 0.1
  },
  "derived": {
    "L": 1.0,
    "H": 0.2,
    "W": 0.1,
    "thickness": 0.1,
    "outlet_count": 4,
    "outlet_weights": [
      0.4388302738978583,
      0.14607390883190516,
      0.21791666487643538,
      0.19717915239380127
    ],
    "y_levels": [
      0.0,
      0.08776605477957167,
      0.1169808365459527,
      0.16056416952123978,
      0.2
    ],
    "n_cells_x": 120,
    "n_cells_y": [
      21,
      7,
      10,
      10
    ],
    "n_cells_z": 10
  }
}
